{"obj_func": 7.509041043727879, "sq_loss": 6.807273041280302, "causal_loss": 1.870069387236394, "cls_loss": 4.937203654043908, "penalty": 0.0003280823296077119, "h_func": 6.877332481280973e-09, "l2_reg": 0.4567759528540932, "l1_reg": 0.24466396726387582, "_timestamp": 1713335569.1577277, "_runtime": 567.7181267738342, "_step": 140545, "accuracy": 1.0, "f1_score": 1.0, "_wandb": {"runtime": 566}}