{"obj_func": 7.652807117251405, "sq_loss": 6.909494484477972, "causal_loss": 1.7607261594634582, "cls_loss": 5.1487683250145135, "penalty": 0.0002587736858814602, "h_func": 6.208487945968955e-09, "l2_reg": 0.48232573734800344, "l1_reg": 0.2607281217395489, "_timestamp": 1713331444.5550437, "_runtime": 508.0946435928345, "_step": 125804, "accuracy": 1.0, "f1_score": 1.0, "_wandb": {"runtime": 506}}