{"obj_func": 7.632379237615543, "sq_loss": 6.821137943460647, "causal_loss": 1.884090862811666, "cls_loss": 4.937047080648981, "penalty": 0.050525977735112415, "h_func": 9.41264133302866e-09, "l2_reg": 0.4964353248226953, "l1_reg": 0.26427999159708826, "_timestamp": 1713334250.6064231, "_runtime": 1447.186956167221, "_step": 214137, "accuracy": 0.9701492537313433, "f1_score": 0.9693223443223443, "_wandb": {"runtime": 1445}}