{
    "accuracy": {
        "mean": 0.7651785714285715,
        "std": 0.042361343443844485
    },
    "f1_score": {
        "mean": 0.4925986987785578,
        "std": 0.1139266936256272
    }
}