{
    "accuracy": {
        "mean": 0.8045197740112994,
        "std": 0.0356156327965525
    },
    "f1_score": {
        "mean": 0.8187136258881008,
        "std": 0.04679478427724269
    }
}