{
    "accuracy": {
        "mean": 0.9910447761194029,
        "std": 0.007311909679949807
    },
    "f1_score": {
        "mean": 0.9909500370464827,
        "std": 0.007425856109147155
    }
}