{
    "accuracy": {
        "mean": 0.851412429378531,
        "std": 0.032138898651588456
    },
    "f1_score": {
        "mean": 0.8508579135744923,
        "std": 0.03298274025017586
    }
}