{
    "accuracy": {
        "mean": 0.764625850340136,
        "std": 0.08622029669526454
    },
    "f1_score": {
        "mean": 0.7748243870745246,
        "std": 0.05024333769515134
    }
}