{
    "accuracy": {
        "mean": 0.8029100529100531,
        "std": 0.004027837326988535
    },
    "f1_score": {
        "mean": 0.5311984812173279,
        "std": 0.031057282679426687
    }
}