{
    "accuracy": {
        "mean": 0.7991158451684768,
        "std": 0.007577229958660993
    },
    "f1_score": {
        "mean": 0.4775258672204558,
        "std": 0.09641670999551974
    }
}