{"obj_func": 7.8534573714446, "sq_loss": 7.134680585173548, "causal_loss": 1.8591045506780648, "cls_loss": 5.275576034495484, "penalty": 0.005665537544396261, "h_func": 9.26164744896596e-09, "l2_reg": 0.4669425416898243, "l1_reg": 0.2461687070368318, "_timestamp": 1713339319.118214, "_runtime": 769.283360004425, "_step": 189866, "accuracy": 0.9850746268656716, "f1_score": 0.9850212385423652, "_wandb": {"runtime": 767}}