{"obj_func": 7.75047742421675, "sq_loss": 7.061387439610694, "causal_loss": 1.700603355869764, "cls_loss": 5.36078408374093, "penalty": 0.00011545157241460999, "h_func": 4.0764760456113436e-09, "l2_reg": 0.4450029710583605, "l1_reg": 0.24397156197528044, "_timestamp": 1713329615.2514887, "_runtime": 515.905015707016, "_step": 121316, "accuracy": 1.0, "f1_score": 1.0, "_wandb": {"runtime": 514}}