{"obj_func": 0.16613271298392285, "sq_loss": 0.13901353146792747, "causal_loss": 0.0997427316816302, "reg_loss": 0.03927079978629727, "penalty": 8.692393750864243e-07, "h_func": 8.104542814635352e-09, "l2_reg": 0.016456596017107143, "l1_reg": 0.010661716259513137, "_timestamp": 1713342304.3725598, "_runtime": 30.90306067466736, "_step": 4681, "test_loss": 0.014301059285458577, "r2_scores": 0.7990626794286533, "_wandb": {"runtime": 29}}