{"obj_func": 7.726322631972516, "sq_loss": 6.994120627684357, "causal_loss": 1.7604555529963444, "cls_loss": 5.2336650746880125, "penalty": 0.003505065560644067, "h_func": 7.3329857741555315e-09, "l2_reg": 0.46645367621885936, "l1_reg": 0.26224326250865615, "_timestamp": 1713332223.4772196, "_runtime": 752.760443687439, "_step": 185734, "accuracy": 0.9850746268656716, "f1_score": 0.9850613154960981, "_wandb": {"runtime": 751}}