{"obj_func": 7.654867865633611, "sq_loss": 6.9053136538448445, "causal_loss": 1.7140723737599886, "cls_loss": 5.191241280084856, "penalty": 8.743774040407634e-05, "h_func": 8.933731976412673e-09, "l2_reg": 0.47832058404132227, "l1_reg": 0.2711461900070411, "_timestamp": 1713332796.1699126, "_runtime": 558.3977725505829, "_step": 129553, "accuracy": 1.0, "f1_score": 1.0, "_wandb": {"runtime": 556}}