{"obj_func": 8.979690858377039, "sq_loss": 7.3952152002226645, "causal_loss": 2.372732870122606, "cls_loss": 5.0224823301000585, "penalty": 0.8129795303143715, "h_func": 1.8030814175062915e-08, "l2_reg": 0.5108315598193471, "l1_reg": 0.2606645680206544, "_timestamp": 1713341032.3765674, "_runtime": 1037.5017683506012, "_step": 252609, "accuracy": 1.0, "f1_score": 1.0, "_wandb": {"runtime": 1035}}