{"obj_func": 7.777671515276471, "sq_loss": 7.070036671005302, "causal_loss": 1.8789388482492695, "cls_loss": 5.191097822756032, "penalty": 0.0003300835843948908, "h_func": 2.2351969164446928e-09, "l2_reg": 0.46375105300739466, "l1_reg": 0.24355370767938064, "_timestamp": 1713344090.8030078, "_runtime": 599.9850437641144, "_step": 153804, "accuracy": 0.9850746268656716, "f1_score": 0.9850746268656716, "_wandb": {"runtime": 598}}