{"obj_func": 0.16262774993357637, "sq_loss": 0.13519064219524415, "causal_loss": 0.09724025652846756, "reg_loss": 0.03795038566677659, "penalty": 8.440860852053531e-07, "h_func": 7.981654448485642e-09, "l2_reg": 0.016644789463861224, "l1_reg": 0.010791474188385813, "_timestamp": 1713342608.141333, "_runtime": 41.23497009277344, "_step": 4050, "test_loss": 0.0162131305475573, "r2_scores": 0.7655633014149437, "_wandb": {"runtime": 39}}