{
    "accuracy": {
        "mean": 0.7491525423728813,
        "std": 0.04551092061727984
    },
    "f1_score": {
        "mean": 0.754080507862467,
        "std": 0.05749717538184192
    }
}