{
    "test_loss": {
        "mean": 0.016029819203964728,
        "std": 0.0030676596839609815
    },
    "r2_scores": {
        "mean": 0.7632252779236555,
        "std": 0.038292069122061095
    }
}