{"obj_func": 0.16854664872672032, "sq_loss": 0.13751900351867602, "causal_loss": 0.10143964532707676, "reg_loss": 0.03607935819159927, "penalty": 8.506092220401262e-07, "h_func": 8.016016295187e-09, "l2_reg": 0.01888515701554906, "l1_reg": 0.012141637583273187, "_timestamp": 1713342398.1531074, "_runtime": 38.02414536476135, "_step": 4838, "test_loss": 0.012501614519402664, "r2_scores": 0.766357451885584, "_wandb": {"runtime": 36}}