{"obj_func": 0.16744991476368606, "sq_loss": 0.14106827445781564, "causal_loss": 0.10069043915906913, "reg_loss": 0.040377835298746514, "penalty": 7.857643939319694e-07, "h_func": 7.603194518424061e-09, "l2_reg": 0.01588047116330249, "l1_reg": 0.010500383378173985, "_timestamp": 1713342561.4548254, "_runtime": 49.8906033039093, "_step": 4645, "test_loss": 0.01548041962613373, "r2_scores": 0.7887140644782786, "_wandb": {"runtime": 48}}