{"obj_func": 0.17270331749323137, "sq_loss": 0.14508287263518466, "causal_loss": 0.1037759531012528, "reg_loss": 0.04130691953393185, "penalty": 7.552730897871527e-07, "h_func": 7.401897761383225e-09, "l2_reg": 0.016800866453056167, "l1_reg": 0.01081882313190074, "_timestamp": 1713342671.9403632, "_runtime": 57.771095275878906, "_step": 4575, "test_loss": 0.01172973987731379, "r2_scores": 0.8337902115586624, "_wandb": {"runtime": 56}}