{"obj_func": 8.105315663149428, "sq_loss": 7.308722700795336, "causal_loss": 2.032086365070265, "cls_loss": 5.276636335725071, "penalty": 0.09302479337854479, "h_func": 1.0586489906927454e-08, "l2_reg": 0.4562913437495807, "l1_reg": 0.2472768252259667, "_timestamp": 1713342821.1889098, "_runtime": 1781.091074705124, "_step": 244041, "accuracy": 0.9850746268656716, "f1_score": 0.9850212385423652, "_wandb": {"runtime": 1779}}