{"obj_func": 0.16510586602808297, "sq_loss": 0.1378654084340502, "causal_loss": 0.10098702120913307, "reg_loss": 0.03687838722491713, "penalty": 8.505258094183106e-07, "h_func": 7.98722865624768e-09, "l2_reg": 0.01652828718884112, "l1_reg": 0.010711319879382243, "_timestamp": 1713343112.7244635, "_runtime": 52.39245843887329, "_step": 4697, "test_loss": 0.01810713263292192, "r2_scores": 0.7858611804557495, "_wandb": {"runtime": 50}}