{"obj_func": 0.17129680872343284, "sq_loss": 0.14432652912452365, "causal_loss": 0.10531449753327206, "reg_loss": 0.03901203159125159, "penalty": 8.017683914073063e-07, "h_func": 7.707654958721832e-09, "l2_reg": 0.016564518836700886, "l1_reg": 0.0104049589938169, "_timestamp": 1713342978.6272259, "_runtime": 75.02799487113953, "_step": 4321, "test_loss": 0.01516141981243979, "r2_scores": 0.7236843936478623, "_wandb": {"runtime": 73}}