{
    "accuracy": {
        "mean": 0.9925373134328359,
        "std": 0.010012244675372197
    },
    "f1_score": {
        "mean": 0.9924034858501345,
        "std": 0.010237302218464162
    }
}