{"obj_func": 0.16995588331133002, "sq_loss": 0.14305061661754448, "causal_loss": 0.1019332735894588, "reg_loss": 0.04111734302808569, "penalty": 6.477400805899473e-07, "h_func": 2.943814081390883e-09, "l2_reg": 0.01645317983555569, "l1_reg": 0.010451439118149237, "_timestamp": 1713342437.6821837, "_runtime": 33.28875684738159, "_step": 4337, "test_loss": 0.012133931257194103, "r2_scores": 0.7977753036809511, "_wandb": {"runtime": 31}}