{"obj_func": 7.832535696212621, "sq_loss": 7.097511595960029, "causal_loss": 1.8636735363850054, "cls_loss": 5.233838059575024, "penalty": 0.003647852743895304, "h_func": 2.4166304513073555e-09, "l2_reg": 0.4773789435659902, "l1_reg": 0.2539973039427068, "_timestamp": 1713339987.1848626, "_runtime": 636.7016487121582, "_step": 157602, "accuracy": 1.0, "f1_score": 1.0, "_wandb": {"runtime": 635}}