{"obj_func": 0.1702365115156182, "sq_loss": 0.14364072134176395, "causal_loss": 0.10443063275896482, "reg_loss": 0.03921008858279914, "penalty": 8.466279929068845e-07, "h_func": 7.82112863362272e-09, "l2_reg": 0.01619089101600785, "l1_reg": 0.01040405252985348, "_timestamp": 1713342727.6705196, "_runtime": 48.53055953979492, "_step": 4736, "test_loss": 0.01587430059162613, "r2_scores": 0.7852398844030389, "_wandb": {"runtime": 47}}