{"obj_func": 0.16254755043284813, "sq_loss": 0.1355877895559951, "causal_loss": 0.10126210236541981, "reg_loss": 0.03432568719057528, "penalty": 7.651216321612636e-07, "h_func": 7.488708320124715e-09, "l2_reg": 0.01628429592834344, "l1_reg": 0.01067469982687745, "_timestamp": 1713342171.50442, "_runtime": 184.7076871395111, "_step": 4044, "test_loss": 0.020764518541960486, "r2_scores": 0.7163777911504947, "_wandb": {"runtime": 183}}