{"obj_func": 0.16903024236377898, "sq_loss": 0.14173431416505528, "causal_loss": 0.10010589462552172, "reg_loss": 0.04162841953953355, "penalty": 8.302019117798671e-07, "h_func": 7.829278558801889e-09, "l2_reg": 0.01667977759214583, "l1_reg": 0.010615320404666083, "_timestamp": 1713342219.6303868, "_runtime": 40.720871925354004, "_step": 4078, "test_loss": 0.011198813150417802, "r2_scores": 0.7970966541651815, "_wandb": {"runtime": 39}}