{"obj_func": 7.791745311629328, "sq_loss": 7.053937975242885, "causal_loss": 1.73484274749797, "cls_loss": 5.319095227744915, "penalty": 0.00242267410278237, "h_func": 6.289599951969649e-09, "l2_reg": 0.4814108640037528, "l1_reg": 0.2539737982799083, "_timestamp": 1713334993.9955049, "_runtime": 736.152263879776, "_step": 185377, "accuracy": 1.0, "f1_score": 1.0, "_wandb": {"runtime": 734}}