{"obj_func": 0.1621891010555651, "sq_loss": 0.13415327401364135, "causal_loss": 0.09703844174419897, "reg_loss": 0.0371148322694424, "penalty": 9.318460382935461e-07, "h_func": 8.38728198004901e-09, "l2_reg": 0.01696938106635308, "l1_reg": 0.011065514129532371, "_timestamp": 1713342769.529422, "_runtime": 36.25904107093811, "_step": 4577, "test_loss": 0.016332522142663473, "r2_scores": 0.7518671341923202, "_wandb": {"runtime": 34}}