{"obj_func": 0.16443709539345933, "sq_loss": 0.13768192482559358, "causal_loss": 0.0991669313669342, "reg_loss": 0.03851499345865937, "penalty": 7.742127090255793e-07, "h_func": 7.57174412058248e-09, "l2_reg": 0.0163236837629729, "l1_reg": 0.010430712592183828, "_timestamp": 1713342814.1433146, "_runtime": 38.544392585754395, "_step": 4439, "test_loss": 0.01609957076387786, "r2_scores": 0.7503293042113115, "_wandb": {"runtime": 36}}