{"obj_func": 7.851542205454979, "sq_loss": 7.124782048064416, "causal_loss": 1.7213705304096105, "cls_loss": 5.403411517654805, "penalty": 0.00017661083261047729, "h_func": 1.6055423657235224e-09, "l2_reg": 0.4654665135620367, "l1_reg": 0.2611170329959151, "_timestamp": 1713336102.8867776, "_runtime": 527.1993067264557, "_step": 131830, "accuracy": 0.9701492537313433, "f1_score": 0.9693223443223443, "_wandb": {"runtime": 525}}