{"obj_func": 7.72968253515184, "sq_loss": 6.998951492038348, "causal_loss": 1.8071337071955473, "cls_loss": 5.1918177848428, "penalty": 0.00036578234245240903, "h_func": 8.291682007666168e-09, "l2_reg": 0.47962117317554986, "l1_reg": 0.25074408759548955, "_timestamp": 1713343483.7796981, "_runtime": 655.5693950653076, "_step": 149185, "accuracy": 1.0, "f1_score": 1.0, "_wandb": {"runtime": 653}}