{"obj_func": 7.855339404174951, "sq_loss": 7.148394344296085, "causal_loss": 1.956639032926621, "cls_loss": 5.191755311369463, "penalty": 0.005587104227040677, "h_func": 2.7078890241227782e-09, "l2_reg": 0.45334029211596794, "l1_reg": 0.24801766353585802, "_timestamp": 1713338540.498108, "_runtime": 962.8528709411621, "_step": 237137, "accuracy": 0.9850746268656716, "f1_score": 0.9850746268656716, "_wandb": {"runtime": 961}}