{"obj_func": 7.535443057989574, "sq_loss": 6.784952469948319, "causal_loss": 1.8051440167434438, "cls_loss": 4.979808453204876, "penalty": 0.00017244848972377248, "h_func": 1.5618262239058822e-09, "l2_reg": 0.4897727330747541, "l1_reg": 0.2605454064767773, "_timestamp": 1713330929.0994356, "_runtime": 617.0538954734802, "_step": 147263, "accuracy": 1.0, "f1_score": 1.0, "_wandb": {"runtime": 615}}