{"obj_func": 0.16380531454067118, "sq_loss": 0.13616509017511888, "causal_loss": 0.09907658570186555, "reg_loss": 0.03708850447325334, "penalty": 7.70482546474281e-07, "h_func": 7.518444533616275e-09, "l2_reg": 0.01687724380456519, "l1_reg": 0.01076221007844064, "_timestamp": 1713343053.8255348, "_runtime": 69.25174283981323, "_step": 4934, "test_loss": 0.017574724676669998, "r2_scores": 0.7454847290153102, "_wandb": {"runtime": 67}}