{"obj_func": 0.16884320719998558, "sq_loss": 0.14151540939885085, "causal_loss": 0.10556724679334582, "reg_loss": 0.035948162605505034, "penalty": 8.613163650016207e-07, "h_func": 7.928067091711455e-09, "l2_reg": 0.016624665757604178, "l1_reg": 0.010702270727165522, "_timestamp": 1713342844.9114473, "_runtime": 24.987189292907715, "_step": 5319, "test_loss": 0.018849053936149104, "r2_scores": 0.7086900923311518, "_wandb": {"runtime": 23}}