{"obj_func": 0.16576644132069293, "sq_loss": 0.1376375135606469, "causal_loss": 0.10150841320266629, "reg_loss": 0.03612910035798063, "penalty": 7.971495652485644e-07, "h_func": 7.610843510974519e-09, "l2_reg": 0.01725351062955792, "l1_reg": 0.010874619980922835, "_timestamp": 1713342505.1394672, "_runtime": 61.49346327781677, "_step": 4660, "test_loss": 0.018298830883995205, "r2_scores": 0.7051528226945172, "_wandb": {"runtime": 59}}