{"obj_func": 0.1664528754184004, "sq_loss": 0.14013832779566654, "causal_loss": 0.10316457688040073, "reg_loss": 0.03697375091526581, "penalty": 8.851632592493273e-07, "h_func": 8.2434290504807e-09, "l2_reg": 0.0160452502646788, "l1_reg": 0.01026841219479583, "_timestamp": 1713341980.3085876, "_runtime": 101.79039645195007, "_step": 4806, "test_loss": 0.018100071889959442, "r2_scores": 0.7624939505473202, "_wandb": {"runtime": 100}}