{"obj_func": 7.638207228316106, "sq_loss": 6.951478542384816, "causal_loss": 1.844989001921103, "cls_loss": 5.106489540463713, "penalty": 4.484980994670873e-05, "h_func": 1.703654106677277e-09, "l2_reg": 0.4460391815139199, "l1_reg": 0.2406446546074232, "_timestamp": 1713336584.6036353, "_runtime": 474.31530833244324, "_step": 118659, "accuracy": 1.0, "f1_score": 1.0, "_wandb": {"runtime": 472}}