{"obj_func": 0.1652013197932666, "sq_loss": 0.13919954057306758, "causal_loss": 0.09996120981265617, "reg_loss": 0.0392383307604114, "penalty": 8.590698403122597e-07, "h_func": 8.05840372208877e-09, "l2_reg": 0.015831457394401012, "l1_reg": 0.0101694627559577, "_timestamp": 1713342898.1469517, "_runtime": 46.90448570251465, "_step": 5149, "test_loss": 0.0166298221416218, "r2_scores": 0.7570460616212181, "_wandb": {"runtime": 45}}