{"obj_func": 7.544803169303779, "sq_loss": 6.818188673801986, "causal_loss": 1.7541626377549513, "cls_loss": 5.064026036047035, "penalty": 0.00045904566998264157, "h_func": 8.308493448794252e-09, "l2_reg": 0.4690603225377408, "l1_reg": 0.2570951272940694, "_timestamp": 1713330218.2511687, "_runtime": 580.8398306369781, "_step": 146262, "accuracy": 1.0, "f1_score": 1.0, "_wandb": {"runtime": 579}}