{"obj_func": 7.889985353177996, "sq_loss": 7.1570960194335935, "causal_loss": 2.051064901398216, "cls_loss": 5.106031118035378, "penalty": 0.031478344863335145, "h_func": 5.734715813332514e-09, "l2_reg": 0.45351023322296125, "l1_reg": 0.24790075565810624, "_timestamp": 1713337570.399601, "_runtime": 978.6794009208679, "_step": 249011, "accuracy": 1.0, "f1_score": 1.0, "_wandb": {"runtime": 976}}