{"obj_func": 0.1702791284418718, "sq_loss": 0.14396919801105312, "causal_loss": 0.10259231601925915, "reg_loss": 0.04137688199179396, "penalty": 8.142399417865204e-07, "h_func": 7.733444107316245e-09, "l2_reg": 0.016057881828144147, "l1_reg": 0.010251234362732748, "_timestamp": 1713342267.6858006, "_runtime": 42.48323154449463, "_step": 4896, "test_loss": 0.012027360846625909, "r2_scores": 0.8263888347516782, "_wandb": {"runtime": 40}}