{"obj_func": 8.011600662402579, "sq_loss": 7.262489728593631, "causal_loss": 1.7300361945428644, "cls_loss": 5.532453534050767, "penalty": 0.00012057403763273019, "h_func": 4.115044305308402e-09, "l2_reg": 0.48138643768301487, "l1_reg": 0.26760392208830036, "_timestamp": 1713344537.4788387, "_runtime": 439.505943775177, "_step": 107233, "accuracy": 0.9850746268656716, "f1_score": 0.9841719820458303, "_wandb": {"runtime": 437}}