{"obj_func": 0.16469443180394414, "sq_loss": 0.13875284531091917, "causal_loss": 0.10219214402122197, "reg_loss": 0.0365607012896972, "penalty": 9.436193612949784e-07, "h_func": 8.332802892141444e-09, "l2_reg": 0.016075455314545593, "l1_reg": 0.00986518755911808, "_timestamp": 1713342353.7721343, "_runtime": 44.00279927253723, "_step": 4609, "test_loss": 0.023218346955305443, "r2_scores": 0.6975297128388849, "_wandb": {"runtime": 42}}